date,การเมือง,ภัยพิบัติ/โรคระบาด,มาตรการของรัฐ,ราคาน้ำมันเชื้อเพลิง,ราคาสินค้าเกษตร,สังคม/ความมั่นคง,เศรษฐกิจโลก,เศรษฐกิจไทย
2017-01,0.575,0.5167,0.5946,0.4333,0.4917,0.4812,,0.6227
2017-02,0.55,0.5125,0.6,0.3,0.4889,0.6,0.65,0.5872
2017-03,0.475,0.65,0.5475,0.75,0.5,0.5308,0.4125,0.608
2017-04,,0.65,0.6062,0.55,0.58,0.5571,0.4333,0.5794
2017-05,0.4667,0.55,0.54,0.8,0.47,0.6125,0.55,0.6198
2017-06,0.525,,0.6,0.475,0.495,0.5417,0.4625,0.586
2017-07,0.65,0.35,0.655,0.5,0.5357,0.5111,0.575,0.6082
2017-08,0.5,,0.5879,,0.6,0.5056,0.575,0.6272
2017-09,0.425,,0.5429,0.85,0.575,0.495,0.5,0.5694
2017-10,0.75,,0.5694,0.65,0.5857,0.61,0.65,0.5952
2017-11,0.6333,0.55,0.58,0.65,0.6333,0.6062,0.53,0.624
2017-12,0.45,,0.5875,0.42,0.6357,0.5833,0.7,0.5783
2018-01,0.5167,,0.545,0.25,0.5188,0.475,0.4625,0.5932
2018-02,0.65,0.65,0.59,0.7167,0.5636,0.5,0.55,0.5943
2018-03,0.5,0.45,0.62,0.25,0.5357,0.6125,0.65,0.5847
2018-04,0.5,,0.6265,0.55,0.5429,0.55,0.4833,0.5689
2018-05,0.4875,,0.5886,0.6167,0.5429,0.5125,0.525,0.5826
2018-06,0.3833,0.475,0.5425,0.55,0.5722,0.43,0.5167,0.5667
2018-07,0.5833,0.45,0.6115,0.525,0.4875,0.5875,0.4667,0.57
2018-08,0.48,0.55,0.587,0.57,0.4714,0.51,0.65,0.5819
2018-09,0.425,0.35,0.5929,0.56,0.5722,0.53,0.3917,0.5733
2018-10,0.475,,0.575,,0.5071,0.5409,0.5375,0.6023
2018-11,0.5,,0.5688,0.65,0.6375,0.63,0.55,0.5687
2018-12,0.45,,0.5914,0.5167,0.55,0.5853,0.55,0.6267
2019-01,0.475,0.425,0.6109,,0.4833,0.6286,0.5,0.5477
2019-02,0.48,0.35,0.6364,0.5,0.45,0.6208,0.3875,0.5474
2019-03,0.55,0.5833,0.5857,0.85,0.3875,0.65,0.45,0.5184
2019-04,0.4857,0.475,0.5972,0.65,0.4857,0.85,0.75,0.5722
2019-05,0.4643,0.65,0.5967,0.65,0.475,0.5333,0.55,0.5928
2019-06,0.425,0.5667,0.6196,0.4333,0.45,0.65,0.5167,0.5862
2019-07,0.45,0.4,0.602,0.65,0.4583,0.5214,0.4,0.5966
2019-08,0.5,,0.6132,0.475,0.6,0.5812,0.4583,0.5361
2019-09,0.47,0.4833,0.5571,,0.5833,0.6,0.5125,0.5638
2019-10,0.475,0.475,0.5833,0.45,0.575,0.43,0.4417,0.5695
2019-11,0.4,,0.6098,0.4875,0.525,0.5,0.375,0.5887
2019-12,0.46,,0.6167,,0.4583,0.5,0.65,0.5743
2020-01,0.5125,0.6,0.67,0.625,0.575,0.5136,0.45,0.5612
2020-02,0.55,0.5286,0.6273,0.525,0.5929,0.5269,0.575,0.58
2020-03,0.5,0.5167,0.6317,0.65,0.6438,0.6107,0.4125,0.587
2020-04,0.5,0.4167,0.6153,0.4875,0.54,0.6167,0.6625,0.6365
2020-05,,0.46,0.65,0.4167,0.5571,0.6286,0.6,0.5911
2020-06,0.5,0.5333,0.6381,0.575,0.5,0.6125,0.55,0.5405
2020-07,0.55,0.5,0.6591,0.25,0.5875,0.6125,0.65,0.5854
2020-08,,0.35,0.6226,0.55,0.5333,0.38,0.55,0.5629
2020-09,0.45,0.4333,0.6217,0.5929,0.6,0.6182,0.525,0.5828
2020-10,0.5286,0.5312,0.6525,0.51,0.5944,0.6214,0.5833,0.59
2020-11,0.4833,0.5,0.6094,0.5333,0.475,0.5773,0.75,0.5622
2020-12,0.5,0.4357,0.6125,0.85,0.4929,0.5167,0.85,0.5527
2021-01,0.35,0.525,0.6434,0.65,0.5944,0.4667,0.7167,0.6151
2021-02,0.4333,0.5667,0.6576,0.35,0.5875,0.5692,0.55,0.6205
2021-03,,0.25,0.6338,0.5333,0.5167,0.55,0.75,0.6151
2021-04,,0.55,0.643,0.7167,0.5667,0.4833,0.65,0.6
2021-05,,0.55,0.6458,0.4643,0.6286,0.6417,,0.5768
2021-06,0.35,0.5667,0.6529,0.45,0.6,0.51,0.75,0.5944
2021-07,0.35,0.5,0.6476,,0.5889,0.65,0.4625,0.6136
2021-08,,0.55,0.6453,0.325,0.6071,0.42,0.725,0.617
2021-09,0.5,0.5333,0.6763,0.39,0.48,0.45,0.65,0.64
2021-10,0.25,0.6,0.6325,0.45,0.6417,0.6,0.55,0.5773
2021-11,,0.5167,0.6232,0.4167,0.5778,0.43,0.4,0.6201
2021-12,0.45,0.45,0.6432,0.5,0.5767,0.75,0.65,0.621
2022-01,0.45,0.55,0.664,0.5154,0.5286,0.6,0.49,0.6274
2022-02,,0.65,0.65,0.4636,0.5125,0.5167,0.5444,0.5868
2022-03,0.5,0.65,0.6554,0.45,0.4958,0.25,0.4577,0.6238
2022-04,0.45,,0.6065,0.4885,0.5206,0.5167,0.55,0.5926
2022-05,0.55,0.6167,0.5771,0.45,0.6,0.5,0.4333,0.5979
2022-06,0.5,0.4167,0.6032,0.4821,0.545,0.5,0.5167,0.5342
2022-07,0.25,,0.6317,0.4467,0.47,0.4786,0.4833,0.5869
2022-08,0.45,0.25,0.5476,0.5375,0.53,0.4333,0.475,0.59
2022-09,0.35,,0.6476,0.5571,0.4714,0.5667,0.4833,0.6349
2022-10,0.6,,0.6688,0.5188,0.4625,0.5786,0.525,0.5994
2022-11,0.5,0.3333,0.65,0.525,0.59,0.56,0.4929,0.5918
2022-12,0.5,,0.6614,0.4955,0.5389,0.5333,0.4929,0.6008
2023-01,0.5833,,0.625,0.7,0.5667,0.4875,0.49,0.6064
2023-02,0.5167,0.3,0.5825,0.5812,0.6571,0.5333,0.52,0.569
2023-03,0.4333,0.45,0.6425,0.5318,0.5333,0.625,0.5,0.5617
2023-04,0.5,0.4,0.5765,0.5591,0.7,0.4833,0.4833,0.5994
2023-05,0.525,0.45,0.6045,0.5714,0.475,0.515,0.45,0.5523
2023-06,0.6,,0.5929,0.5833,0.5792,0.5333,0.54,0.5852
2023-07,0.5,,0.6205,0.5556,0.4429,0.5375,0.5,0.5733
2023-08,0.6125,0.45,0.625,0.5667,0.6286,0.45,0.6,0.6203
2023-09,0.5143,,0.5864,0.4875,0.575,0.535,0.425,0.598
2023-10,0.55,0.65,0.619,0.5429,0.5286,0.35,0.51,0.6141
2023-11,0.525,,0.6,0.5286,0.5312,0.35,0.75,0.6298
2023-12,0.575,,0.5429,0.4917,0.5583,0.51,0.425,0.6027
2024-01,0.48,0.35,0.6206,0.35,0.55,0.65,0.53,0.6011
2024-02,0.5167,,0.6442,0.575,0.675,0.5571,0.68,0.6263
2024-03,0.35,,0.6389,0.55,0.53,0.625,0.45,0.5905
2024-04,0.4375,,0.6217,0.4917,0.6833,0.5667,0.5269,0.6084
2024-05,0.45,0.35,0.6104,0.5667,0.55,0.4786,0.4889,0.5932
2024-06,0.5167,0.75,0.6294,0.5,0.69,0.6188,0.5,0.62
2024-07,0.35,0.35,0.6071,0.575,0.4417,0.5786,0.57,0.6126
2024-08,,,0.6133,0.5833,0.5643,0.5722,0.5056,0.5878
2024-09,0.35,0.25,0.5846,0.6167,0.55,0.55,0.64,0.6237
2024-10,0.25,,0.625,,0.5625,0.6,0.5167,0.5711
2024-11,0.4833,0.5833,0.6214,0.3667,0.55,0.575,0.525,0.5913
2024-12,0.4167,,0.6676,0.525,0.5917,0.5929,0.5667,0.6353
2025-01,0.45,0.525,0.6423,0.65,0.5333,0.4909,0.45,0.5911
2025-02,0.7,0.4,0.6565,0.65,0.75,0.5938,0.4875,0.599
2025-03,0.5,,0.6094,0.85,0.7167,0.55,0.3938,0.5926
2025-04,0.45,0.35,0.64,0.25,0.25,0.5375,0.4722,0.5644
2025-05,0.5833,,0.6292,0.65,0.75,0.55,0.4917,0.6524
2025-06,0.525,0.35,0.6,,0.45,0.455,0.33,0.5927
2025-07,0.6,,0.6214,0.75,0.6,0.5056,0.475,0.6405
2025-08,0.5333,,0.6438,0.5,0.65,0.35,0.3571,0.5663
2025-09,0.65,,0.5962,0.45,0.625,0.5833,0.3944,0.5971
2025-10,0.5333,,0.6395,0.65,0.45,0.4731,0.5812,0.6136
2025-11,,,0.6312,0.65,0.3833,0.65,0.55,0.5873
2025-12,0.4167,,0.6167,0.25,0.4625,0.4,0.55,0.6444
2026-01,0.65,,0.75,,,,,0.5333
2026-02,0.5,,,,0.45,0.25,0.55,0.5625
2026-03,0.55,,0.45,,0.55,0.5,0.45,0.65
2026-04,,,0.6,,,0.65,0.65,0.53
2026-05,0.75,,0.55,0.55,0.75,0.65,0.5,0.6214
2026-06,,,,0.75,0.55,0.65,0.5833,0.56
2026-07,0.25,,0.65,0.65,,,,0.7
2026-08,0.5,,0.75,0.75,,0.5167,0.5,0.3833
2026-09,0.65,,0.6,0.65,,0.75,0.5,0.7125
2026-10,0.7,,,,,0.55,0.55,0.6833
2026-11,0.55,,0.65,,,0.5833,,0.6667
2026-12,0.45,0.25,0.6167,,,,0.55,0.5667
