date,cci,cpi,gdp,unemployment_rate,impi,expi,การเมือง,ภัยพิบัติ/โรคระบาด,มาตรการของรัฐ,ราคาน้ำมันเชื้อเพลิง,ราคาสินค้าเกษตร,สังคม/ความมั่นคง,เศรษฐกิจโลก,เศรษฐกิจไทย
2011-01-01,81.5,83.1,2209743.0,0.98,93.25,98.13,0.0,0.0,0.0,0.0,0.0,0.0,0.0,0.0
2011-02-01,80.9,83.43,2209743.0,0.7,94.49,99.07,0.0,0.0,0.0,0.0,0.0,0.0,0.0,0.0
2011-03-01,79.8,83.84,2209743.0,0.72,96.17,99.3,0.0,0.0,0.0,0.0,0.0,0.0,0.0,0.0
2011-04-01,79.6,84.99,2037494.0,0.75,98.04,99.92,0.0,0.0,0.0,0.0,0.0,0.0,0.0,0.0
2011-05-01,80.4,85.28,2037494.0,0.53,98.65,99.69,0.0,0.0,0.0,0.0,0.0,0.0,0.0,0.0
2011-06-01,81.7,85.39,2037494.0,0.42,98.39,99.77,0.0,0.0,0.0,0.0,0.0,0.0,0.0,0.0
2011-07-01,84.1,85.55,2029932.0,0.52,99.22,99.84,0.0,0.0,0.0,0.0,0.0,0.0,0.0,0.0
2011-08-01,83.4,85.92,2029932.0,0.68,99.75,99.92,0.0,0.0,0.0,0.0,0.0,0.0,0.0,0.0
2011-09-01,81.8,85.62,2029932.0,0.75,99.33,99.77,0.0,0.0,0.0,0.0,0.0,0.0,0.0,0.0
2011-10-01,72.4,85.79,2024390.0,0.56,99.36,99.46,0.0,0.0,0.0,0.0,0.0,0.0,0.0,0.0
2011-11-01,71.0,85.97,2024390.0,0.82,99.6,99.07,0.0,0.0,0.0,0.0,0.0,0.0,0.0,0.0
2011-12-01,73.1,85.56,2024390.0,0.43,99.47,98.68,0.0,0.0,0.0,0.0,0.0,0.0,0.0,0.0
2012-01-01,74.2,85.9,2272805.0,0.81,99.94,99.3,0.0,0.0,0.0,0.0,0.0,0.0,0.0,0.0
2012-02-01,75.5,86.21,2272805.0,0.66,100.87,100.16,0.0,0.0,0.0,0.0,0.0,0.0,0.0,0.0
2012-03-01,76.6,86.72,2272805.0,0.73,101.21,100.39,0.0,0.0,0.0,0.0,0.0,0.0,0.0,0.0
2012-04-01,77.6,87.09,2160308.0,0.97,101.38,100.62,0.0,0.0,0.0,0.0,0.0,0.0,0.0,0.0
2012-05-01,77.1,87.43,2160308.0,0.92,100.78,100.31,0.0,0.0,0.0,0.0,0.0,0.0,0.0,0.0
2012-06-01,78.6,87.58,2160308.0,0.67,99.21,99.61,0.0,0.0,0.0,0.0,0.0,0.0,0.0,0.0
2012-07-01,78.1,87.87,2132192.0,0.56,99.27,99.61,0.0,0.0,0.0,0.0,0.0,0.0,0.0,0.0
2012-08-01,77.9,88.23,2132192.0,0.56,99.28,99.69,0.0,0.0,0.0,0.0,0.0,0.0,0.0,0.0
2012-09-01,77.0,88.51,2132192.0,0.63,99.81,99.92,0.0,0.0,0.0,0.0,0.0,0.0,0.0,0.0
2012-10-01,77.8,88.63,2337519.0,0.56,99.58,100.08,0.0,0.0,0.0,0.0,0.0,0.0,0.0,0.0
2012-11-01,79.1,88.32,2337519.0,0.39,99.51,100.08,0.0,0.0,0.0,0.0,0.0,0.0,0.0,0.0
2012-12-01,80.2,88.66,2337519.0,0.48,98.89,100.16,0.0,0.0,0.0,0.0,0.0,0.0,0.0,0.0
2013-01-01,81.7,88.8,2395328.0,0.83,98.77,100.3,0.0,0.0,0.0,0.0,0.0,0.0,0.0,0.0
2013-02-01,84.0,89.0,2395328.0,0.62,98.9,100.36,0.0,0.0,0.0,0.0,0.0,0.0,0.0,0.0
2013-03-01,84.8,89.05,2395328.0,0.69,98.79,100.26,0.0,0.0,0.0,0.0,0.0,0.0,0.0,0.0
2013-04-01,83.7,89.19,2219187.0,0.89,98.21,99.92,0.0,0.0,0.0,0.0,0.0,0.0,0.0,0.0
2013-05-01,82.5,89.41,2219187.0,0.77,97.36,99.88,0.0,0.0,0.0,0.0,0.0,0.0,0.0,0.0
2013-06-01,81.6,89.54,2219187.0,0.55,96.84,99.47,0.0,0.0,0.0,0.0,0.0,0.0,0.0,0.0
2013-07-01,80.3,89.64,2185277.0,0.89,96.66,99.29,0.0,0.0,0.0,0.0,0.0,0.0,0.0,0.0
2013-08-01,79.3,89.63,2185277.0,0.81,97.51,99.2,0.0,0.0,0.0,0.0,0.0,0.0,0.0,0.0
2013-09-01,77.9,89.78,2185277.0,0.67,97.85,99.01,0.0,0.0,0.0,0.0,0.0,0.0,0.0,0.0
2013-10-01,76.6,89.92,2342295.0,0.62,98.23,99.06,0.0,0.0,0.0,0.0,0.0,0.0,0.0,0.0
2013-11-01,75.0,90.02,2342295.0,0.72,97.95,98.91,0.0,0.0,0.0,0.0,0.0,0.0,0.0,0.0
2013-12-01,73.4,90.15,2342295.0,0.62,97.62,98.82,0.0,0.0,0.0,0.0,0.0,0.0,0.0,0.0
2014-01-01,71.5,90.52,2386444.034,0.94,98.18,98.72,0.0,0.0,0.0,0.0,0.0,0.0,0.0,0.0
2014-02-01,69.9,90.74,2386444.034,0.86,98.2,98.49,0.0,0.0,0.0,0.0,0.0,0.0,0.0,0.0
2014-03-01,68.8,90.93,2386444.034,0.88,98.13,98.89,0.0,0.0,0.0,0.0,0.0,0.0,0.0,0.0
2014-04-01,67.8,91.38,2237767.97,0.9,97.79,98.92,0.0,0.0,0.0,0.0,0.0,0.0,0.0,0.0
2014-05-01,70.7,91.75,2237767.97,0.94,97.75,98.83,0.0,0.0,0.0,0.0,0.0,0.0,0.0,0.0
2014-06-01,75.1,91.65,2237767.97,1.15,98.03,98.93,0.0,0.0,0.0,0.0,0.0,0.0,0.0,0.0
2014-07-01,78.2,91.58,2208911.957,0.97,98.25,99.07,0.0,0.0,0.0,0.0,0.0,0.0,0.0,0.0
2014-08-01,80.1,91.5,2208911.957,0.74,97.97,98.8,0.0,0.0,0.0,0.0,0.0,0.0,0.0,0.0
2014-09-01,79.2,91.34,2208911.957,0.8,96.53,98.32,0.0,0.0,0.0,0.0,0.0,0.0,0.0,0.0
2014-10-01,80.1,91.25,2398964.039,0.75,95.46,97.6,0.0,0.0,0.0,0.0,0.0,0.0,0.0,0.0
2014-11-01,79.4,91.15,2398964.039,0.55,93.24,96.79,0.0,0.0,0.0,0.0,0.0,0.0,0.0,0.0
2014-12-01,81.1,90.69,2398964.039,0.56,91.1,95.74,0.0,0.0,0.0,0.0,0.0,0.0,0.0,0.0
2015-01-01,80.4,90.16,2459674.65,1.06,88.6,94.75,0.0,0.0,0.0,0.0,0.0,0.0,0.0,0.0
2015-02-01,79.1,90.26,2459674.65,0.82,88.47,94.95,0.0,0.0,0.0,0.0,0.0,0.0,0.0,0.0
2015-03-01,77.7,90.42,2459674.65,0.99,87.85,95.06,0.0,0.0,0.0,0.0,0.0,0.0,0.0,0.0
2015-04-01,76.6,90.43,2303095.354,0.85,88.66,95.17,0.0,0.0,0.0,0.0,0.0,0.0,0.0,0.0
2015-05-01,75.6,90.58,2303095.354,0.93,89.41,95.53,0.0,0.0,0.0,0.0,0.0,0.0,0.0,0.0
2015-06-01,74.4,90.68,2303095.354,0.83,89.71,95.46,0.0,0.0,0.0,0.0,0.0,0.0,0.0,0.0
2015-07-01,73.4,90.61,2285060.32,1.0,88.68,94.79,0.0,0.0,0.0,0.0,0.0,0.0,0.0,0.0
2015-08-01,72.3,90.42,2285060.32,0.97,86.76,93.69,0.0,0.0,0.0,0.0,0.0,0.0,0.0,0.0
2015-09-01,72.1,90.37,2285060.32,0.78,85.51,93.03,0.0,0.0,0.0,0.0,0.0,0.0,0.0,0.0
2015-10-01,73.4,90.55,2473595.676,0.85,85.27,93.13,0.0,0.0,0.0,0.0,0.0,0.0,0.0,0.0
2015-11-01,74.6,90.26,2473595.676,0.9,83.7,92.82,0.0,0.0,0.0,0.0,0.0,0.0,0.0,0.0
2015-12-01,76.1,89.91,2473595.676,0.65,82.01,92.49,0.0,0.0,0.0,0.0,0.0,0.0,0.0,0.0
2016-01-01,75.5,89.67,2541549.0,0.91,80.91,92.11,0.0,0.0,0.0,0.0,0.0,0.0,0.0,0.0
2016-02-01,74.7,89.8,2541549.0,0.87,81.13,92.14,0.0,0.0,0.0,0.0,0.0,0.0,0.0,0.0
2016-03-01,73.5,90.0,2541549.0,1.04,82.17,92.9,0.0,0.0,0.0,0.0,0.0,0.0,0.0,0.0
2016-04-01,72.7,90.49,2390876.0,1.04,83.68,93.35,0.0,0.0,0.0,0.0,0.0,0.0,0.0,0.0
2016-05-01,72.6,91.0,2390876.0,1.2,84.87,94.23,0.0,0.0,0.0,0.0,0.0,0.0,0.0,0.0
2016-06-01,71.6,91.03,2390876.0,1.01,85.74,94.56,0.0,0.0,0.0,0.0,0.0,0.0,0.0,0.0
2016-07-01,72.5,90.71,2357971.0,1.01,85.78,94.57,0.0,0.0,0.0,0.0,0.0,0.0,0.0,0.0
2016-08-01,73.2,90.68,2357971.0,0.93,86.19,94.35,0.0,0.0,0.0,0.0,0.0,0.0,0.0,0.0
2016-09-01,74.2,90.71,2357971.0,0.87,86.29,94.38,0.0,0.0,0.0,0.0,0.0,0.0,0.0,0.0
2016-10-01,73.1,90.85,2558106.0,1.19,86.64,94.6,0.0,0.0,0.0,0.0,0.0,0.0,0.0,0.0
2016-11-01,72.3,90.81,2558106.0,0.99,86.03,94.62,0.0,0.0,0.0,0.0,0.0,0.0,0.0,0.0
2016-12-01,73.7,90.92,2558106.0,0.8,86.45,95.08,0.0,0.0,0.0,0.0,0.0,0.0,0.0,0.0
2017-01-01,74.5,91.07,2638918.0,1.18,87.47,95.53,0.575,0.5167,0.5946,0.4333,0.4917,0.4812,0.0,0.6227
2017-02-01,75.8,91.1,2638918.0,1.12,88.09,95.96,0.55,0.5125,0.6,0.3,0.4889,0.6,0.65,0.5872
2017-03-01,76.8,90.69,2638918.0,1.29,88.04,96.02,0.475,0.65,0.5475,0.75,0.5,0.5308,0.4125,0.608
2017-04-01,77.0,90.83,2494793.0,1.25,88.77,96.5,0.0,0.65,0.6062,0.55,0.58,0.5571,0.4333,0.5794
2017-05-01,76.0,90.96,2494793.0,1.32,88.56,96.72,0.4667,0.55,0.54,0.8,0.47,0.6125,0.55,0.6198
2017-06-01,74.9,90.98,2494793.0,1.07,88.16,96.82,0.525,0.0,0.6,0.475,0.495,0.5417,0.4625,0.586
2017-07-01,73.9,90.86,2463648.0,1.24,88.3,97.05,0.65,0.35,0.655,0.5,0.5357,0.5111,0.575,0.6082
2017-08-01,74.5,90.96,2463648.0,1.12,89.31,97.71,0.5,0.0,0.5879,0.0,0.6,0.5056,0.575,0.6272
2017-09-01,75.0,91.49,2463648.0,1.17,90.07,98.39,0.425,0.0,0.5429,0.85,0.575,0.495,0.5,0.5694
2017-10-01,76.7,91.63,2662582.0,1.29,90.54,98.42,0.75,0.0,0.5694,0.65,0.5857,0.61,0.65,0.5952
2017-11-01,78.0,91.7,2662582.0,1.14,91.48,98.94,0.6333,0.55,0.58,0.65,0.6333,0.6062,0.53,0.624
2017-12-01,79.2,91.62,2662582.0,0.96,92.04,99.3,0.45,0.0,0.5875,0.42,0.6357,0.5833,0.7,0.5783
2018-01-01,80.0,91.69,2772274.0,1.26,93.65,100.09,0.5167,0.0,0.545,0.25,0.5188,0.475,0.4625,0.5932
2018-02-01,79.3,91.48,2772274.0,1.28,93.75,100.32,0.65,0.65,0.59,0.7167,0.5636,0.5,0.55,0.5943
2018-03-01,79.9,91.4,2772274.0,1.16,93.84,100.58,0.5,0.45,0.62,0.25,0.5357,0.6125,0.65,0.5847
2018-04-01,80.9,91.81,2610783.0,1.06,94.54,100.99,0.5,0.0,0.6265,0.55,0.5429,0.55,0.4833,0.5689
2018-05-01,80.1,92.32,2610783.0,1.04,95.08,101.18,0.4875,0.0,0.5886,0.6167,0.5429,0.5125,0.525,0.5826
2018-06-01,81.3,92.24,2610783.0,1.1,95.06,100.92,0.3833,0.475,0.5425,0.55,0.5722,0.43,0.5167,0.5667
2018-07-01,82.2,92.2,2543414.0,0.98,94.49,100.59,0.5833,0.45,0.6115,0.525,0.4875,0.5875,0.4667,0.57
2018-08-01,83.2,92.44,2543414.0,1.04,94.34,100.55,0.48,0.55,0.587,0.57,0.4714,0.51,0.65,0.5819
2018-09-01,82.3,92.71,2543414.0,0.97,95.17,100.81,0.425,0.35,0.5929,0.56,0.5722,0.53,0.3917,0.5733
2018-10-01,81.3,92.76,2766734.0,1.01,95.56,100.93,0.475,0.0,0.575,0.0,0.5071,0.5409,0.5375,0.6023
2018-11-01,80.5,92.56,2766734.0,0.95,93.67,100.45,0.5,0.0,0.5688,0.65,0.6375,0.63,0.55,0.5687
2018-12-01,79.4,91.95,2766734.0,0.91,92.73,99.98,0.45,0.0,0.5914,0.5167,0.55,0.5853,0.55,0.6267
2019-01-01,80.7,91.93,2845657.0,1.02,93.12,100.34,0.475,0.425,0.6109,0.0,0.4833,0.6286,0.5,0.5477
2019-02-01,82.0,92.15,2845657.0,0.78,94.21,100.67,0.48,0.35,0.6364,0.5,0.45,0.6208,0.3875,0.5474
2019-03-01,80.6,92.53,2845657.0,0.9,94.57,101.12,0.55,0.5833,0.5857,0.85,0.3875,0.65,0.45,0.5184
2019-04-01,79.2,92.94,2668902.0,0.96,95.05,101.31,0.4857,0.475,0.5972,0.65,0.4857,0.85,0.75,0.5722
2019-05-01,77.7,93.38,2668902.0,1.11,94.99,101.24,0.4643,0.65,0.5967,0.65,0.475,0.5333,0.55,0.5928
2019-06-01,76.4,93.04,2668902.0,0.94,94.58,101.05,0.425,0.5667,0.6196,0.4333,0.45,0.65,0.5167,0.5862
2019-07-01,75.0,93.1,2605929.0,1.14,95.09,101.21,0.45,0.4,0.602,0.65,0.4583,0.5214,0.4,0.5966
2019-08-01,73.6,92.92,2605929.0,1.0,94.48,100.89,0.5,0.0,0.6132,0.475,0.6,0.5812,0.4583,0.5361
2019-09-01,72.2,93.0,2605929.0,1.02,94.65,101.07,0.47,0.4833,0.5571,0.0,0.5833,0.6,0.5125,0.5638
2019-10-01,70.7,92.87,2798831.0,0.95,94.24,100.69,0.475,0.475,0.5833,0.45,0.575,0.43,0.4417,0.5695
2019-11-01,69.1,92.75,2798831.0,1.12,94.85,100.68,0.4,0.0,0.6098,0.4875,0.525,0.5,0.375,0.5887
2019-12-01,68.3,92.75,2798831.0,0.96,95.09,101.08,0.46,0.0,0.6167,0.0,0.4583,0.5,0.65,0.5743
2020-01-01,67.3,92.9,2785733.0,1.07,94.67,101.04,0.5125,0.6,0.67,0.625,0.575,0.5136,0.45,0.5612
2020-02-01,64.8,92.83,2785733.0,1.09,92.87,100.5,0.55,0.5286,0.6273,0.525,0.5929,0.5269,0.575,0.58
2020-03-01,50.3,92.03,2785733.0,1.03,89.46,99.5,0.5,0.5167,0.6317,0.65,0.6438,0.6107,0.4125,0.587
2020-04-01,47.2,90.16,2343919.0,1.03,87.27,98.85,0.5,0.4167,0.6153,0.4875,0.54,0.6167,0.6625,0.6365
2020-05-01,48.2,90.17,2343919.0,1.03,88.97,98.85,0.0,0.46,0.65,0.4167,0.5571,0.6286,0.6,0.5911
2020-06-01,49.2,91.58,2343919.0,1.03,90.56,99.63,0.5,0.5333,0.6381,0.575,0.5,0.6125,0.55,0.5405
2020-07-01,50.1,92.19,2442517.0,2.15,91.31,100.16,0.55,0.5,0.6591,0.25,0.5875,0.6125,0.65,0.5854
2020-08-01,51.0,92.46,2442517.0,1.86,91.78,100.51,0.0,0.35,0.6226,0.55,0.5333,0.38,0.55,0.5629
2020-09-01,50.2,92.36,2442517.0,1.79,91.3,100.52,0.45,0.4333,0.6217,0.5929,0.6,0.6182,0.525,0.5828
2020-10-01,50.9,92.4,2686527.0,2.09,90.97,100.6,0.5286,0.5312,0.6525,0.51,0.5944,0.6214,0.5833,0.59
2020-11-01,52.4,92.36,2686527.0,2.0,91.48,100.92,0.4833,0.5,0.6094,0.5333,0.475,0.5773,0.75,0.5622
2020-12-01,50.1,92.5,2686527.0,1.49,93.37,101.23,0.5,0.4357,0.6125,0.85,0.4929,0.5167,0.85,0.5527
2021-01-01,47.8,92.59,2715941.0,1.49,94.57,101.85,0.35,0.525,0.6434,0.65,0.5944,0.4667,0.7167,0.6151
2021-02-01,49.4,91.74,2715941.0,1.49,96.14,102.48,0.4333,0.5667,0.6576,0.35,0.5875,0.5692,0.55,0.6205
2021-03-01,48.5,91.95,2715941.0,1.49,97.1,102.96,0.0,0.25,0.6338,0.5333,0.5167,0.55,0.75,0.6151
2021-04-01,46.0,93.22,2524347.0,1.49,96.7,102.81,0.0,0.55,0.643,0.7167,0.5667,0.4833,0.65,0.6
2021-05-01,44.7,92.37,2524347.0,1.49,97.77,103.24,0.0,0.55,0.6458,0.4643,0.6286,0.6417,0.0,0.5768
2021-06-01,43.1,92.72,2524347.0,1.49,98.81,103.44,0.35,0.5667,0.6529,0.45,0.6,0.51,0.75,0.5944
2021-07-01,40.9,92.61,2439023.0,1.49,99.27,103.45,0.35,0.5,0.6476,0.0,0.5889,0.65,0.4625,0.6136
2021-08-01,39.6,92.44,2439023.0,1.49,98.35,103.39,0.0,0.55,0.6453,0.325,0.6071,0.42,0.725,0.617
2021-09-01,41.4,93.91,2439023.0,1.49,99.5,103.75,0.5,0.5333,0.6763,0.39,0.48,0.45,0.65,0.64
2021-10-01,43.9,94.6,2738617.0,1.49,102.03,104.58,0.25,0.6,0.6325,0.45,0.6417,0.6,0.55,0.5773
2021-11-01,44.9,94.87,2738617.0,1.49,102.5,104.82,0.0,0.5167,0.6232,0.4167,0.5778,0.43,0.4,0.6201
2021-12-01,46.2,94.51,2738617.0,1.49,102.48,104.66,0.45,0.45,0.6432,0.5,0.5767,0.75,0.65,0.621
2022-01-01,44.8,95.58,2776120.0,1.49,104.67,105.51,0.45,0.55,0.664,0.5154,0.5286,0.6,0.49,0.6274
2022-02-01,43.3,96.58,2776120.0,1.49,107.82,106.42,0.0,0.65,0.65,0.4636,0.5125,0.5167,0.5444,0.5868
2022-03-01,42.0,97.23,2776120.0,1.49,112.03,107.6,0.5,0.65,0.6554,0.45,0.4958,0.25,0.4577,0.6238
2022-04-01,40.7,97.56,2585625.0,1.49,111.55,107.97,0.45,0.0,0.6065,0.4885,0.5206,0.5167,0.55,0.5926
2022-05-01,40.2,98.92,2585625.0,1.49,113.08,108.45,0.55,0.6167,0.5771,0.45,0.6,0.5,0.4333,0.5979
2022-06-01,41.6,99.81,2585625.0,1.49,114.46,108.93,0.5,0.4167,0.6032,0.4821,0.545,0.5,0.5167,0.5342
2022-07-01,42.4,99.66,2548065.0,1.49,113.25,108.33,0.25,0.0,0.6317,0.4467,0.47,0.4786,0.4833,0.5869
2022-08-01,43.7,99.7,2548065.0,1.22,112.68,108.16,0.45,0.25,0.5476,0.5375,0.53,0.4333,0.475,0.59
2022-09-01,44.6,99.92,2548065.0,1.15,111.89,107.89,0.35,0.0,0.6476,0.5571,0.4714,0.5667,0.4833,0.6349
2022-10-01,46.1,100.26,2776940.0,1.4,111.79,107.91,0.6,0.0,0.6688,0.5188,0.4625,0.5786,0.525,0.5994
2022-11-01,47.9,100.13,2776940.0,1.15,111.3,107.98,0.5,0.3333,0.65,0.525,0.59,0.56,0.4929,0.5918
2022-12-01,49.7,100.08,2776940.0,0.96,110.84,108.04,0.5,0.0,0.6614,0.4955,0.5389,0.5333,0.4929,0.6008
2023-01-01,51.7,100.37,2851124.0,1.22,113.28,108.65,0.5833,0.0,0.625,0.7,0.5667,0.4875,0.49,0.6064
2023-02-01,52.6,100.25,2851124.0,0.88,112.83,108.61,0.5167,0.3,0.5825,0.5812,0.6571,0.5333,0.52,0.569
2023-03-01,53.8,99.99,2851124.0,1.03,111.61,108.61,0.4333,0.45,0.6425,0.5318,0.5333,0.625,0.5,0.5617
2023-04-01,55.0,100.17,2634713.0,1.03,112.96,108.97,0.5,0.4,0.5765,0.5591,0.7,0.4833,0.4833,0.5994
2023-05-01,55.7,99.45,2634713.0,1.28,110.42,108.69,0.525,0.45,0.6045,0.5714,0.475,0.515,0.45,0.5523
2023-06-01,56.7,100.05,2634713.0,0.89,109.51,108.53,0.6,0.0,0.5929,0.5833,0.5792,0.5333,0.54,0.5852
2023-07-01,55.6,100.04,2588398.0,1.15,110.3,108.83,0.5,0.0,0.6205,0.5556,0.4429,0.5375,0.5,0.5733
2023-08-01,56.9,100.58,2588398.0,0.98,111.24,109.39,0.6125,0.45,0.625,0.5667,0.6286,0.45,0.6,0.6203
2023-09-01,58.7,100.22,2588398.0,0.85,113.06,109.7,0.5143,0.0,0.5864,0.4875,0.575,0.535,0.425,0.598
2023-10-01,60.2,99.94,2828147.0,0.85,112.58,109.57,0.55,0.65,0.619,0.5429,0.5286,0.35,0.51,0.6141
2023-11-01,60.9,99.7,2828147.0,0.8,111.53,109.41,0.525,0.0,0.6,0.5286,0.5312,0.35,0.75,0.6298
2023-12-01,62.0,99.24,2828147.0,0.79,110.99,109.48,0.575,0.0,0.5429,0.4917,0.5583,0.51,0.425,0.6027
2024-01-01,62.9,99.26,2899023.0,1.08,110.99,109.84,0.48,0.35,0.6206,0.35,0.55,0.65,0.53,0.6011
2024-02-01,63.8,99.48,2899023.0,0.98,110.89,110.04,0.5167,0.0,0.6442,0.575,0.675,0.5571,0.68,0.6263
2024-03-01,63.0,99.51,2899023.0,0.98,111.9,110.33,0.35,0.0,0.6389,0.55,0.53,0.625,0.45,0.5905
2024-04-01,62.1,100.36,2694894.0,1.1,113.64,110.64,0.4375,0.0,0.6217,0.4917,0.6833,0.5667,0.5269,0.6084
2024-05-01,60.5,100.98,2694894.0,1.21,113.24,110.56,0.45,0.35,0.6104,0.5667,0.55,0.4786,0.4889,0.5932
2024-06-01,58.9,100.67,2694894.0,0.93,113.41,110.53,0.5167,0.75,0.6294,0.5,0.69,0.6188,0.5,0.62
2024-07-01,57.7,100.86,2664915.0,1.07,113.43,110.68,0.35,0.35,0.6071,0.575,0.4417,0.5786,0.57,0.6126
2024-08-01,56.5,100.94,2664915.0,1.1,112.82,110.68,0.0,0.0,0.6133,0.5833,0.5643,0.5722,0.5056,0.5878
2024-09-01,55.3,100.84,2664915.0,0.84,112.34,110.83,0.35,0.25,0.5846,0.6167,0.55,0.55,0.64,0.6237
2024-10-01,56.0,100.77,2920669.0,0.97,112.96,110.97,0.25,0.0,0.625,0.0,0.5625,0.6,0.5167,0.5711
2024-11-01,56.9,100.64,2920669.0,0.94,112.14,110.64,0.4833,0.5833,0.6214,0.3667,0.55,0.575,0.525,0.5913
2024-12-01,57.9,100.47,2920669.0,0.78,112.64,110.76,0.4167,0.0,0.6676,0.525,0.5917,0.5929,0.5667,0.6353
2025-01-01,59.0,100.57,2990539.0,0.94,114.98,110.88,0.45,0.525,0.6423,0.65,0.5333,0.4909,0.45,0.5911
2025-02-01,57.8,100.55,2990539.0,0.79,115.04,110.94,0.7,0.4,0.6565,0.65,0.75,0.5938,0.4875,0.599
2025-03-01,56.7,100.35,2990539.0,0.94,115.0,111.0,0.5,0.0,0.6094,0.85,0.7167,0.55,0.3938,0.5926
2025-04-01,55.4,100.14,2770939.0,1.0,114.69,110.94,0.45,0.35,0.64,0.25,0.25,0.5375,0.4722,0.5644
2025-05-01,54.2,100.4,2770939.0,0.83,114.43,110.95,0.5833,0.0,0.6292,0.65,0.75,0.55,0.4917,0.6524
2025-06-01,52.7,100.42,2770939.0,0.81,115.93,111.28,0.525,0.35,0.6,0.0,0.45,0.455,0.33,0.5927
2025-07-01,51.7,100.15,2695999.0,0.69,115.98,111.23,0.6,0.0,0.6214,0.75,0.6,0.5056,0.475,0.6405
2025-08-01,50.1,100.14,2695999.0,0.74,116.22,111.15,0.5333,0.0,0.6438,0.5,0.65,0.35,0.3571,0.5663
2025-09-01,50.7,100.11,2695999.0,0.74,116.88,111.44,0.65,0.0,0.5962,0.45,0.625,0.5833,0.3944,0.5971
2025-10-01,45.5,100.11,2695999.0,0.74,116.57,111.69,0.5333,0.0,0.6395,0.65,0.45,0.4731,0.5812,0.6136
2025-11-01,46.8,100.11,2695999.0,0.74,116.82,111.79,0.0,0.0,0.6312,0.65,0.3833,0.65,0.55,0.5873
2025-12-01,49.8,100.11,2695999.0,0.74,117.69,112.29,0.4167,0.0,0.6167,0.25,0.4625,0.4,0.55,0.6444
2026-01-01,52.8,100.11,2695999.0,0.74,119.59,112.89,0.65,0.0,0.75,0.0,0.0,0.0,0.0,0.5333
2026-02-01,53.7,100.11,2695999.0,0.74,120.7,113.29,0.5,0.0,0.0,0.0,0.45,0.25,0.55,0.5625
2026-03-01,51.8,100.11,2695999.0,0.74,126.42,114.39,0.55,0.0,0.45,0.0,0.55,0.5,0.45,0.65
2026-04-01,50.6,100.11,2695999.0,0.74,128.52,114.79,0.0,0.0,0.6,0.0,0.0,0.65,0.65,0.53
