date,predicted,direction,top3_shap,reasoning
2024-01,57.03,ลดลงจากเดือนก่อนหน้า,"['export_pastcov_lag-1', 'unemployment_rate_pastcov_lag-2', 'import_pastcov_lag-2']",ดัชนีความเชื่อมั่นผู้บริโภคประจำเดือนนี้ อยู่ที่ระดับ 57.03 คาดว่าจะปรับตัวลดลงจากเดือนก่อนหน้า โดยปัจจัยสนับสนุนที่ส่งผลให้ดัชนีปรับตัวในทิศทางดังกล่าวมาจากหลายปัจจัย อาทิ การปรับขึ้นราคาหน้าโรงงานน้ำตาลทราย กก.ละ 4 บาท ส่งผลให้ราคาขายปลีกในประเทศต้องปรับขึ้นตาม ทำให้ประชาชนเดือดร้อนหนัก และอาจส่งผลกระทบต่อความต้องการสินค้าเกษตรไทยจากตลาดโลก เนื่องจากผู้บริโภคต่างประเทศอาจหันไปเลือกซื้อสินค้าจากคู่แข่งที่มีราคาถูกกว่า (export_pastcov_lag-1) การลักลอบนำหมูเถื่อนเข้ามาในประเทศส่งผลให้ผู้บริโภคเสี่ยงต่อสารตกค้างในเนื้อหมู และยังกระทบต่อเกษตรกรผู้เลี้ยงหมูเนื่องจากโรค ASF ทำให้หมูล้มตายจำนวนมาก ส่งผลให้เนื้อหมูปรับตัวสูงขึ้น การขาดแคลนและราคาเนื้อหมูปรับตัวสูงขึ้นจะกดดันกำลังซื้อของประชาชน ลดความสามารถในการใช้จ่าย และอาจส่งผลต่อรายได้ครัวเรือนโดยรวม ซึ่งเป็นปัจจัยสำคัญที่นำไปสู่การปรับตัวของอัตราการว่างงาน (unemployment_rate_pastcov_lag-2) สงครามระหว่างอิสราเอลและฮามาสส่งผลให้ราคาน้ำมันในตลาดโลกพุ่งสูงขึ้น เนื่องจากความกังวลต่อการขาดแคลนเชื้อเพลิง ราคาที่เพิ่มสูงขึ้นนี้จะนำไปสู่ต้นทุนการผลิตที่สูงขึ้นสำหรับธุรกิจไทย และส่งผลกระทบโดยตรงต่อมูลค่าการนำเข้าสินค้าและต้นทุนจากต่างประเทศ (import_pastcov_lag-2) โดยรวมแล้ว ปัจจัยข้างต้นสะท้อนให้เห็นว่าทั้งราคาสินค้าเกษตรที่ปรับตัวสูงขึ้น การขาดแคลนเนื้อหมู และสงครามระหว่างอิสราเอลและฮามาส ต่างเป็นแรงกดดันที่ทำให้ความเชื่อมั่นผู้บริโภคปรับตัวลดลงในเดือนนี้
2024-02,57.82,ลดลงจากเดือนก่อนหน้า,"['export_pastcov_lag-1', 'import_pastcov_lag-2', 'unemployment_rate_pastcov_lag-2']",ดัชนีความเชื่อมั่นผู้บริโภคอยู่ที่ระดับ 57.82 คาดว่าจะปรับตัวลดลงจากเดือนก่อนหน้า โดยปัจจัยสนับสนุนที่ส่งผลให้ดัชนีปรับตัวในทิศทางดังกล่าวมาจากหลายปัจจัย อาทิ (1) ความตึงเครียดทางภูมิรัฐศาสตร์ส่งผลให้เกิดการแบ่งแยกการค้าระหว่างกลุ่มประเทศที่มีจุดยืนทางการเมืองต่างกัน การค้าระหว่างกลุ่มประเทศดังกล่าวขยายตัวช้าลง ส่งผลให้ต้นทุนนำเข้าสินค้าและวัตถุดิบจากต่างประเทศสูงขึ้น เนื่องจากความไม่แน่นอนในห่วงโซ่อุปทานโลก (import_pastcov_lag-2) ซึ่งจะส่งผลต่อกำลังซื้อของผู้บริโภค และ CCI ลดลง (2) การลดจำนวนธุรกิจปั๊มน้ำมันและโรงเรียนเอกชนเนื่องจากรายได้ที่ไม่เติบโตส่งผลให้เกิดการว่างงานในกลุ่มพนักงานของธุรกิจเหล่านี้ การปิดตัวลงของธุรกิจจะนำไปสู่การสูญเสียตำแหน่งงาน และเมื่อจำนวนผู้ว่างงานเพิ่มขึ้น อัตราการว่างงาน (unemployment_rate) ก็จะสูงขึ้นตามไปด้วย (unemployment_rate_pastcov_lag-2) ซึ่งจะส่งผลให้ความเชื่อมั่นของผู้บริโภคในอนาคตลดลง (3) ความตึงเครียดทางภูมิรัฐศาสตร์ส่งผลให้เกิดการแบ่งแยกการค้าระหว่างกลุ่มประเทศที่มีจุดยืนทางการเมืองต่างกัน ทำให้มูลค่าการค้าระหว่างกลุ่มขยายตัวช้าลง ซึ่งจะส่งผลต่อความต้องการสินค้าเกษตรไทยจากตลาดโลก และในที่สุดก็กระทบต่อมูลค่า export ของไทย (export_pastcov_lag-1) โดยรวมแล้ว ปัจจัยข้างต้นสะท้อนให้เห็นว่าทั้งการปรับตัวสูงขึ้นของอัตราการว่างงานและการลดลงของมูลค่าการส่งออก ต่างเป็นแรงกดดันให้ความเชื่อมั่นผู้บริโภคปรับตัวลดลงในเดือนนี้
2024-03,59.79,ลดลงจากเดือนก่อนหน้า,"['export_pastcov_lag-1', 'import_pastcov_lag-2', 'cpi_pastcov_lag-2']",ดัชนีความเชื่อมั่นผู้บริโภคอยู่ที่ระดับ 59.79 คาดว่าจะปรับตัวลดลงจากเดือนก่อนหน้า โดยปัจจัยสนับสนุนที่ส่งผลให้ดัชนีปรับตัวในทิศทางดังกล่าวมาจากหลายปัจจัย อาทิ (1) ความตึงเครียดทางภูมิรัฐศาสตร์ส่งผลให้เกิดการแบ่งแยกการค้าระหว่างกลุ่มประเทศที่มีจุดยืนทางการเมืองต่างกัน ส่งผลให้มูลค่าการค้าระหว่างกลุ่มขยายตัวช้ากว่ามูลค่าการค้าภายในกลุ่ม สถานการณ์นี้จะกดดันต้นทุนการนำเข้าสินค้าและวัตถุดิบจากต่างประเทศ เนื่องจากไทยต้องพึ่งพาการนำเข้าวัตถุดิบและสินค้าสำเร็จรูปจำนวนมากจากทั่วโลก (import_pastcov_lag-2) (2) ความเชื่อมั่นของผู้บริโภคที่ต่ำลงเนื่องจากกังวลต่อสถานการณ์การเมืองในประเทศ ราคาพลังงาน และค่าครองชีพที่สูง ส่งผลให้กำลังซื้อของประชาชนลดลง ซึ่งจะส่งผลโดยตรงต่อดัชนีราคาผู้บริโภค (CPI) (cpi_pastcov_lag-2) (3) ความตึงเครียดทางภูมิรัฐศาสตร์ส่งผลให้เกิดการแบ่งแยกการค้าและอาจนำไปสู่ปรากฏการณ์ Deglobalization ซึ่งมูลค่าการค้าระหว่างกลุ่มประเทศที่มีจุดยืนทางการเมืองต่างกัน ขยายตัวช้ากว่ามูลค่าการค้าภายในกลุ่ม ส่งผลกระทบต่อความต้องการสินค้าส่งออกจากไทย เนื่องจากตลาดโลกหดตัวลงและผู้บริโภคมีกำลังซื้อลดลง (export_pastcov_lag-1) โดยรวมแล้ว ปัจจัยข้างต้นสะท้อนให้เห็นว่าทั้งความตึงเครียดทางภูมิรัฐศาสตร์ที่กดดันการค้าระหว่างประเทศ และความเชื่อมั่นของผู้บริโภคที่ต่ำลงจากสถานการณ์การเมืองในประเทศและค่าครองชีพที่สูง ต่างเป็นแรงกดดันให้ดัชนีความเชื่อมั่นผู้บริโภคปรับตัวลดลงในเดือนนี้
2024-04,61.35,ลดลงจากเดือนก่อนหน้า,"['export_pastcov_lag-1', 'cpi_pastcov_lag-2', 'import_pastcov_lag-2']",ดัชนีความเชื่อมั่นผู้บริโภคประจำเดือนนี้ อยู่ที่ระดับ 61.35 คาดว่าจะปรับตัวลดลงจากเดือนก่อนหน้า โดยปัจจัยสนับสนุนที่ส่งผลให้ดัชนีปรับตัวในทิศทางดังกล่าวมาจากหลายปัจจัย อาทิ ความตึงเครียดทางภูมิรัฐศาสตร์ส่งผลให้เกิดการแบ่งแยกการค้าและอาจนำไปสู่ปรากฏการณ์ Deglobalization ซึ่งมูลค่าการค้าระหว่างกลุ่มประเทศที่มีจุดยืนทางการเมืองต่างกัน ขยายตัวช้ากว่ามูลค่าการค้าภายในกลุ่ม นำไปสู่ความต้องการสินค้าจากตลาดโลกที่ลดลง ส่งผลกระทบต่อมูลค่า export ของไทยโดยตรง (export_pastcov_lag-1) การส่งออกข้าวไทยปีนี้คาดว่าจะลดลงเหลือเพียง 7.5 ล้านตัน เนื่องจากผลผลิตข้าวไทยคาดการณ์ว่าจะลดลง 5.87% จากปีก่อนหน้า และอาจเผชิญกับการแข่งขันจากข้าวของประเทศอื่นที่เพิ่มขึ้น ส่งผลให้รายได้ของเกษตรกรผู้ปลูกข้าวลดลง ซึ่งจะส่งผลต่อกำลังซื้อและทำให้ดัชนีราคาผู้บริโภค (CPI) เพิ่มสูงขึ้น (cpi_pastcov_lag-2) ความเสี่ยงของวิกฤติหนี้ในสหรัฐฯ เนื่องจากภาระหนี้ของรัฐบาลพุ่งขึ้นสูงสุดเป็นประวัติการณ์ ส่งผลกระทบต่อกำลังซื้อและการลงทุนของประเทศ ทำให้ต้นทุนการผลิตสินค้าที่นำเข้าจากสหรัฐฯ เพิ่มสูงขึ้น ซึ่งส่งผลโดยตรงต่อมูลค่า import ของไทย (import_pastcov_lag-2) โดยรวมแล้ว ปัจจัยข้างต้นสะท้อนให้เห็นว่าทั้งความตึงเครียดทางภูมิรัฐศาสตร์ที่ส่งผลกระทบต่อการส่งออก และภาวะเงินเฟ้อที่สูงขึ้นจากปัจจัยภายในประเทศ ต่างเป็นแรงกดดันที่ทำให้ความเชื่อมั่นผู้บริโภคปรับตัวลดลงในเดือนนี้
2024-05,63.61,เพิ่มขึ้นจากเดือนก่อนหน้า,"['export_pastcov_lag-1', 'cpi_pastcov_lag-2', 'import_pastcov_lag-2']","ดัชนีความเชื่อมั่นผู้บริโภคประจำเดือนนี้ อยู่ที่ระดับ 63.61 คาดว่าจะปรับตัวเพิ่มขึ้นจากเดือนก่อนหน้า โดยปัจจัยสนับสนุนที่ส่งผลให้ดัชนีปรับตัวในทิศทางดังกล่าวมาจากหลายปัจจัย อาทิ การส่งออกข้าวไทยมีแนวโน้มเพิ่มขึ้นเนื่องจากรัฐบาลไทยและอินโดนีเซียได้บรรลุข้อตกลงซื้อขายข้าวจีทูจี ลอตแรก ปริมาณ 55,000 ตัน ซึ่งจะเริ่มส่งมอบตั้งแต่เดือนเมษายน เป็นต้นไป และคาดว่าการส่งออกข้าวไทยปีนี้จะเกินเป้าหมายที่ตั้งไว้ 7.5 ล้านตัน (export_pastcov_lag-1) การปรับลดราคาน้ำมันกลุ่มเบนซินและแก๊สโซฮอล์อย่างต่อเนื่องส่งผลให้ค่าครองชีพของผู้บริโภคโดยรวมลดลง ซึ่งจะนำไปสู่การชะลอตัวของดัชนีราคาผู้บริโภค (CPI) (cpi_pastcov_lag-2) การปรับลดราคาน้ำมันกลุ่มเบนซินและแก๊สโซฮอล์ ส่งผลให้ต้นทุนการผลิตในประเทศลดลง ซึ่งจะส่งผลดีต่อมูลค่าการนำเข้าสินค้า เนื่องจากผู้ประกอบการสามารถควบคุมต้นทุนได้ดีขึ้น และมีโอกาสที่จะขยายการผลิตหรือเพิ่มปริมาณการนำเข้าวัตถุดิบเพื่อสนองความต้องการของตลาดได้มากขึ้น (import_pastcov_lag-2) โดยรวมแล้ว ปัจจัยข้างต้นสะท้อนให้เห็นว่าทั้งด้านรายได้จากการส่งออกที่ปรับตัวดีขึ้นจากมาตรการภาครัฐและด้านต้นทุนการผลิตที่ลดลง ต่างเป็นแรงประคองให้ความเชื่อมั่นผู้บริโภคปรับตัวเพิ่มขึ้นในเดือนนี้"
2024-06,62.24,เพิ่มขึ้นจากเดือนก่อนหน้า,"['export_pastcov_lag-1', 'import_pastcov_lag-2', 'cpi_pastcov_lag-2']",ดัชนีความเชื่อมั่นผู้บริโภคประจำเดือนนี้ อยู่ที่ระดับ 62.24 คาดว่าจะปรับตัวเพิ่มขึ้นจากเดือนก่อนหน้า โดยปัจจัยสนับสนุนที่ส่งผลให้ดัชนีปรับตัวในทิศทางดังกล่าวมาจากหลายปัจจัย อาทิ ความต้องการข้าวไทยในตลาดโลกเพิ่มสูงขึ้น ส่งผลดีต่อการส่งออกข้าวของประเทศไทย (export_pastcov_lag-1) การปรับลดราคาน้ำมันอย่างต่อเนื่องส่งผลให้ต้นทุนการผลิตในประเทศลดลง ซึ่งจะนำไปสู่การลดราคาสินค้าและบริการ ทำให้มูลค่าการนำเข้าสินค้าจากต่างประเทศลดลง เนื่องจากผู้บริโภคมีกำลังซื้อเพิ่มขึ้น (import_pastcov_lag-2) การปรับลดราคาน้ำมันเบนซินและแก๊สโซฮอล์อย่างต่อเนื่องในเดือนมีนาคม เมษายน และพฤษภาคม ส่งผลให้ค่าใช้จ่ายในการขนส่งสินค้าและบริการของผู้บริโภคลดลง ซึ่งจะนำไปสู่การลดลงของดัชนีราคาผู้บริโภค (CPI) (cpi_pastcov_lag-2) โดยรวมแล้ว ปัจจัยข้างต้นสะท้อนให้เห็นว่าทั้งการส่งออกที่แข็งแกร่ง ต้นทุนการผลิตที่ลดลง และค่าครองชีพที่ลดลง ต่างเป็นแรงประคองให้ความเชื่อมั่นผู้บริโภคปรับตัวเพิ่มขึ้นในเดือนนี้
2024-07,61.51,เพิ่มขึ้นจากเดือนก่อนหน้า,"['export_pastcov_lag-2', 'import_pastcov_lag-2', 'unemployment_rate_pastcov_lag-2']","ดัชนีความเชื่อมั่นผู้บริโภคอยู่ที่ระดับ 61.51 คาดว่าจะปรับตัวเพิ่มขึ้นจากเดือนก่อนหน้า โดยปัจจัยสนับสนุนที่ส่งผลให้ดัชนีปรับตัวในทิศทางดังกล่าวมาจากหลายปัจจัย อาทิ ความต้องการข้าวไทยจากตลาดโลกเพิ่มสูงขึ้น ส่งผลดีต่อการส่งออกข้าวไทย (export_pastcov_lag-2) ทำให้รายได้ประเทศเพิ่มขึ้น และเศรษฐกิจแข็งแกร่ง ซึ่งเป็นปัจจัยที่สนับสนุนความเชื่อมั่นของผู้บริโภค ราคาทองคำปรับตัวขึ้นอย่างต่อเนื่อง ส่งผลให้มูลค่าการนำเข้าสินค้าจากต่างประเทศเพิ่มสูงขึ้น เนื่องจากราคาวัตถุดิบที่ใช้ในการผลิตสินค้าภายในประเทศมีแนวโน้มสูงขึ้นตามราคาทองคำโลก (import_pastcov_lag-2) อย่างไรก็ตาม การให้ความรู้และเครื่องมือในการบริหารจัดการเงินส่วนบุคคล เช่น วิธีการจัดการเงินไม่ให้เป็นหนี้นอกระบบ การเลือกประกันสุขภาพที่เหมาะสม และเทรนด์ ""Loud Budgeting"" ที่เน้นการอวดความประหยัดและการเก็บเงิน ส่งผลให้ประชาชนมีความรู้และทักษะในการบริหารจัดการรายได้ของตนเองมากขึ้น (unemployment_rate_pastcov_lag-2) ซึ่งเป็นปัจจัยสำคัญที่สนับสนุนความเชื่อมั่นในอนาคตของแรงงาน โดยรวมแล้ว ปัจจัยข้างต้นสะท้อนให้เห็นว่าทั้งด้านรายได้จากการส่งออกที่เพิ่มขึ้น และความรู้ในการบริหารจัดการเงินส่วนบุคคล ต่างเป็นแรงประคองให้ความเชื่อมั่นผู้บริโภคปรับตัวเพิ่มขึ้นในเดือนนี้"
2024-08,60.77,เพิ่มขึ้นจากเดือนก่อนหน้า,"['export_pastcov_lag-2', 'import_pastcov_lag-2', 'unemployment_rate_pastcov_lag-2']","ดัชนีความเชื่อมั่นผู้บริโภค อยู่ที่ระดับ 60.77 คาดว่าจะปรับตัวเพิ่มขึ้นจากเดือนก่อนหน้า โดยปัจจัยสนับสนุนที่ส่งผลให้ดัชนีปรับตัวในทิศทางดังกล่าวมาจากหลายปัจจัย อาทิ ความต้องการข้าวไทยในตลาดโลกเพิ่มสูงขึ้นเนื่องจากราคาข้าวของไทยอยู่ในระดับที่สูงกว่าประเทศคู่แข่ง ส่งผลให้ไทยคาดว่าจะส่งออกข้าวได้ประมาณ 800,000 ตัน (export_pastcov_lag-2) การที่เศรษฐกิจโลกฟื้นตัวและความต้องการสินค้าเกษตรจากต่างประเทศเพิ่มขึ้น ทำให้รายได้ของเกษตรกรไทยเพิ่มขึ้น ส่งผลให้ผู้บริโภคมีความมั่นใจในการใช้จ่ายมากขึ้น การปรับลดราคาน้ำมันเบนซินและแก๊สโซฮอล์อย่างต่อเนื่องส่งผลให้ต้นทุนการผลิตในประเทศลดลง ซึ่งจะนำไปสู่การลดค่าใช้จ่ายในการนำเข้าสินค้าจากต่างประเทศ (import_pastcov_lag-2) การที่ ททท. ร่วมกับพระอารามหลวงจัดแสดงวัตถุโบราณล้ำค่าให้ประชาชนและนักท่องเที่ยวได้เข้าชม ส่งผลให้เกิดการกระตุ้นเศรษฐกิจการท่องเที่ยว ซึ่งจะนำไปสู่การขยายตัวของภาคบริการ และการจ้างงานเพิ่มขึ้น ส่งผลต่ออัตราการว่างงานลดลง (unemployment_rate_pastcov_lag-2) โดยรวมแล้ว ปัจจัยข้างต้นสะท้อนให้เห็นว่าทั้งด้านรายได้จากการส่งออกที่ปรับตัวดีขึ้นจากความต้องการข้าวไทยในตลาดโลก และด้านต้นทุนการผลิตที่ลดลงจากราคาน้ำมันที่ปรับลดลง ต่างเป็นแรงประคองให้ความเชื่อมั่นผู้บริโภคปรับตัวเพิ่มขึ้นในเดือนนี้"
2024-09,59.57,เพิ่มขึ้นจากเดือนก่อนหน้า,"['export_pastcov_lag-2', 'import_pastcov_lag-2', 'cpi_pastcov_lag-1']",ดัชนีความเชื่อมั่นผู้บริโภคประจำเดือนนี้ อยู่ที่ระดับ 59.57 คาดว่าจะปรับตัวเพิ่มขึ้นจากเดือนก่อนหน้า โดยปัจจัยสนับสนุนที่ส่งผลให้ดัชนีปรับตัวในทิศทางดังกล่าวมาจากหลายปัจจัย อาทิ ความต้องการข้าวไทยในตลาดโลกยังคงมีเข้ามาอย่างต่อเนื่อง ส่งผลให้สมาคมปรับเพิ่มเป้าหมายการส่งออกข้าวไทยปีนี้เป็น 8.2 ล้านตัน จากเดิม 7.5 ล้านตัน ค่าเงินบาทอ่อนค่า และอินเดียยังคงนโยบายห้ามส่งออกข้าวขาวที่ไม่ใช่ข้าวบาสมาตี จึงเป็นปัจจัยสนับสนุนการเพิ่มขึ้นของมูลค่าการส่งออกและความต้องการจากตลาดโลก (export_pastcov_lag-2) การปรับลดราคาน้ำมันเบนซินและแก๊สโซฮอล์อย่างต่อเนื่อง ส่งผลให้ต้นทุนการผลิตในประเทศลดลง ซึ่งจะนำไปสู่การเพิ่มขึ้นของมูลค่าการส่งออกสินค้า และบริการ (import_pastcov_lag-2) การปรับลดราคาน้ำมันเบนซินและแก๊สโซฮอล์อย่างต่อเนื่องในเดือนกรกฎาคม และ สิงหาคม ส่งผลให้ต้นทุนการผลิตสินค้าและบริการของผู้ประกอบการลดลง ซึ่งจะนำไปสู่การปรับลดราคาสินค้าและบริการลงตามมา ส่งผลโดยตรงต่อดัชนีราคาผู้บริโภค (CPI) ที่จะลดลงด้วย (cpi_pastcov_lag-1) โดยรวมแล้ว ปัจจัยข้างต้นสะท้อนให้เห็นว่าทั้งการส่งออกที่แข็งแกร่งขึ้น ต้นทุนการผลิตที่ลดลง และดัชนีราคาผู้บริโภคที่ปรับตัวลดลง ต่างเป็นแรงสนับสนุนให้ความเชื่อมั่นผู้บริโภคปรับตัวเพิ่มขึ้นในเดือนนี้
2024-10,58.75,เพิ่มขึ้นจากเดือนก่อนหน้า,"['export_pastcov_lag-1', 'import_pastcov_lag-2', 'cpi_pastcov_lag-1']",ดัชนีความเชื่อมั่นผู้บริโภคประจำเดือนนี้ อยู่ที่ระดับ 58.75 คาดว่าจะปรับตัวเพิ่มขึ้นจากเดือนก่อนหน้า โดยปัจจัยสนับสนุนที่ส่งผลให้ดัชนีปรับตัวในทิศทางดังกล่าวมาจากหลายปัจจัย อาทิ ความต้องการข้าวในตลาดโลกสูงขึ้นเนื่องจากอินเดียยังคงควบคุมปริมาณการส่งออกข้าวและสต็อกข้าวทั่วโลกมีแนวโน้มลดลง ส่งผลให้ไทยสามารถส่งออกข้าวได้เพิ่มขึ้น 48% ในช่วง 6 เดือนแรกของปี 2567 (export_pastcov_lag-1) ทำให้รายได้จากการส่งออกข้าวเพิ่มขึ้น ซึ่งจะช่วยกระตุ้นเศรษฐกิจและเพิ่มความเชื่อมั่นของผู้บริโภค ราคาน้ำมันเบนซินและแก๊สโซฮอล์ปรับลดลงอย่างต่อเนื่องในทุกเดือนที่ผ่านมา ส่งผลให้ต้นทุนการผลิตของภาคอุตสาหกรรมในประเทศลดลง ซึ่งจะนำไปสู่การลดราคาสินค้า และเพิ่มความสามารถในการแข่งขันของผู้ส่งออกไทย (import_pastcov_lag-2) การปรับลดราคาน้ำมันเบนซินและแก๊สโซฮอล์อย่างต่อเนื่องในเดือนกรกฎาคม สิงหาคม และกันยายน ส่งผลให้ต้นทุนการผลิตสินค้าและบริการของผู้ประกอบการลดลง ซึ่งจะนำไปสู่การปรับลดราคาสินค้าและบริการสำหรับผู้บริโภค ส่งผลโดยตรงต่อดัชนีราคาผู้บริโภค (CPI) ที่มีแนวโน้มลดลง (cpi_pastcov_lag-1) โดยรวมแล้ว ปัจจัยข้างต้นสะท้อนให้เห็นว่าทั้งการส่งออกที่แข็งแกร่งขึ้น ต้นทุนการผลิตที่ลดลง และดัชนีราคาผู้บริโภคที่ทรงตัว ต่างเป็นแรงประคองให้ความเชื่อมั่นผู้บริโภคปรับตัวเพิ่มขึ้นในเดือนนี้
2024-11,60.14,เพิ่มขึ้นจากเดือนก่อนหน้า,"['export_pastcov_lag-1', 'unemployment_rate_pastcov_lag-2', 'import_pastcov_lag-2']","ดัชนีความเชื่อมั่นผู้บริโภคประจำเดือนนี้ อยู่ที่ระดับ 60.14 คาดว่าจะปรับตัวเพิ่มขึ้นจากเดือนก่อนหน้า โดยปัจจัยสนับสนุนที่ส่งผลให้ดัชนีปรับตัวในทิศทางดังกล่าวมาจากหลายปัจจัย อาทิ ความต้องการข้าวในตลาดโลกสูงขึ้นเนื่องจากอินเดียยังคงควบคุมปริมาณการส่งออกข้าวและสต็อกข้าวทั่วโลกมีแนวโน้มลดลง ส่งผลให้ไทยสามารถส่งออกข้าวได้เพิ่มขึ้น 48% ในช่วง 6 เดือนแรกของปี 2567 การที่ความต้องการข้าวในตลาดโลกสูงขึ้นเนื่องจากปัจจัยภายนอก เช่น นโยบายอินเดีย และสต็อกข้าวทั่วโลกมีแนวโน้มลดลง ทำให้ไทยซึ่งเป็นผู้ส่งออกข้าวรายใหญ่ สามารถส่งออกข้าวได้เพิ่มขึ้น ส่งผลดีต่อมูลค่าการส่งออกและรายได้เข้าประเทศ (export_pastcov_lag-1) การพัฒนา ""เป๋าตัง"" เป็นแพลตฟอร์ม Healthcare Ecosystems โดยธนาคารกรุงไทย ช่วยให้ผู้ถือบัตรทองสามารถเข้าถึงบริการทางการแพทย์ได้สะดวกยิ่งขึ้น นำไปสู่การเพิ่มประสิทธิภาพของระบบสาธารณสุข และส่งผลดีต่อความมั่นคงของรายได้ครัวเรือน เนื่องจากประชาชนสามารถรักษาสุขภาพและกลับมาทำงานได้อย่างรวดเร็ว (unemployment_rate_pastcov_lag-2) การปรับลดราคาน้ำมันเบนซินและแก๊สโซฮอล์อย่างต่อเนื่องในเดือนสิงหาคม กันยายน และตุลาคม ส่งผลให้ต้นทุนการผลิตของภาคอุตสาหกรรมในประเทศลดลง ซึ่งจะนำไปสู่การลดราคาสินค้าและบริการ ทำให้มูลค่าการนำเข้าสินค้าจากต่างประเทศลดลง เนื่องจากความต้องการสินค้าจากต่างประเทศลดลงตาม (import_pastcov_lag-2) โดยรวมแล้ว ปัจจัยข้างต้นสะท้อนให้เห็นว่าทั้งด้านรายได้ที่ปรับตัวดีขึ้นจากมาตรการภาครัฐและด้านต้นทุนที่ยังอยู่ในระดับที่จัดการได้ ต่างเป็นแรงประคองให้ความเชื่อมั่นผู้บริโภคปรับตัวเพิ่มขึ้นในเดือนนี้"
2024-12,59.91,เพิ่มขึ้นจากเดือนก่อนหน้า,"['มาตรการของรัฐ_pastcov_lag-2', 'export_pastcov_lag-1', 'cpi_pastcov_lag-1']","ดัชนีความเชื่อมั่นผู้บริโภคประจำเดือนนี้ อยู่ที่ระดับ 59.91 คาดว่าจะปรับตัวเพิ่มขึ้นจากเดือนก่อนหน้า โดยปัจจัยสนับสนุนที่ส่งผลให้ดัชนีปรับตัวในทิศทางดังกล่าวมาจากหลายปัจจัย อาทิ (1) รัฐบาลได้ประกาศมาตรการพักชำระดอกเบี้ยสินเชื่อบ้าน รถยนต์ และ SME เป็นเวลา 3 ปี ซึ่งจะช่วยลดภาระค่าใช้จ่ายของประชาชนและธุรกิจ ส่งผลให้ผู้บริโภคมีกำลังซื้อเพิ่มขึ้นและความเชื่อมั่นในเศรษฐกิจดีขึ้น (มาตรการของรัฐ_pastcov_lag-2) (2) ความต้องการข้าวในตลาดโลกสูงขึ้นเนื่องจากอินเดียยังคงควบคุมปริมาณการส่งออกข้าวและสต็อกข้าวทั่วโลกมีแนวโน้มลดลง ส่งผลให้ไทยสามารถส่งออกข้าวได้เพิ่มขึ้น 48% ในช่วง 6 เดือนแรกของปี ทำให้รายได้ประเทศเพิ่มขึ้น และเศรษฐกิจแข็งแกร่ง (export_pastcov_lag-1) และ (3) การปรับลดราคาน้ำมันเบนซินและแก๊สโซฮอล์อย่างต่อเนื่องส่งผลให้ต้นทุนการผลิตสินค้าและบริการของผู้ประกอบการลดลง ซึ่งจะนำไปสู่การปรับลดราคาสินค้าและบริการในตลาด ส่งผลโดยตรงต่อดัชนีราคาผู้บริโภค (CPI) ลดลง (cpi_pastcov_lag-1) โดยรวมแล้ว ปัจจัยข้างต้นสะท้อนให้เห็นว่าทั้งมาตรการของรัฐที่สนับสนุนกำลังซื้อ, การส่งออกสินค้าเกษตรที่เพิ่มขึ้น และการลดลงของ CPI ต่างเป็นแรงประคองให้ความเชื่อมั่นผู้บริโภคปรับตัวเพิ่มขึ้นในเดือนนี้"
2025-01,59.27,เพิ่มขึ้นจากเดือนก่อนหน้า,"['gdp_pastcov_lag-1', 'export_pastcov_lag-1', 'import_pastcov_lag-2']","ดัชนีความเชื่อมั่นผู้บริโภคประจำเดือนนี้ อยู่ที่ระดับ 59.27 คาดว่าจะปรับตัวเพิ่มขึ้นจากเดือนก่อนหน้า โดยปัจจัยสนับสนุนที่ส่งผลให้ดัชนีปรับตัวในทิศทางดังกล่าวมาจากหลายปัจจัย อาทิ การฟื้นตัวอย่างร้อนแรงของภาคท่องเที่ยวส่งผลให้รายได้ประชาชาติเพิ่มขึ้น ซึ่งเป็นปัจจัยสำคัญที่สนับสนุนการเติบโตของ GDP (gdp_pastcov_lag-1) การฟื้นตัวอย่างร้อนแรงของตลาดหุ้นจีนในเดือนตุลาคม ส่งผลให้ดัชนี SZSE Component ปรับตัวเพิ่มขึ้น 10.67% หรือ 1,014.90 จุด อยู่ที่ 10,529.76 จุด ความต้องการสินค้าเกษตรไทยจากตลาดจีนจึงมีแนวโน้มเพิ่มขึ้น ส่งผลดีต่อมูลค่าการส่งออกและรายได้เข้าประเทศ (export_pastcov_lag-1) การปรับลดราคาน้ำมันเบนซินและแก๊สโซฮอล์อย่างต่อเนื่อง ส่งผลให้ต้นทุนการผลิตในประเทศลดลง ซึ่งจะส่งผลดีต่อมูลค่าการนำเข้าสินค้า เนื่องจากผู้ประกอบการสามารถควบคุมต้นทุนได้ดีขึ้น และมีโอกาสที่จะขยายการผลิตเพื่อตอบสนองความต้องการของตลาด (import_pastcov_lag-2) โดยรวมแล้ว ปัจจัยข้างต้นสะท้อนให้เห็นว่าทั้งการฟื้นตัวของเศรษฐกิจ การเติบโตของการส่งออก และการลดลงของต้นทุนการนำเข้า ต่างเป็นแรงประคองให้ความเชื่อมั่นผู้บริโภคปรับตัวเพิ่มขึ้นในเดือนนี้"
2025-02,61.7,เพิ่มขึ้นจากเดือนก่อนหน้า,"['unemployment_rate_pastcov_lag-2', 'export_pastcov_lag-1', 'import_pastcov_lag-2']","ดัชนีความเชื่อมั่นผู้บริโภคประจำเดือนนี้ อยู่ที่ระดับ 61.70 คาดว่าจะปรับตัวเพิ่มขึ้นจากเดือนก่อนหน้า โดยปัจจัยสนับสนุนที่ส่งผลให้ดัชนีปรับตัวในทิศทางดังกล่าวมาจากหลายปัจจัย อาทิ การลงทุนในโครงการ Senior Living ""นายา เรสซิเดนซ์ บาย ลิฟเวล"" โดยกลุ่มเมืองไทย สะท้อนถึงความต้องการที่เพิ่มขึ้นของผู้สูงอายุ ซึ่งเป็นกลุ่มที่มีศักยภาพในการใช้จ่ายและสร้างรายได้ให้แก่เศรษฐกิจ การมีโครงการดังกล่าวจะช่วยสร้างงานในภาคบริการ เช่น การดูแลผู้สูงอายุ และการบริหารจัดการอาคารพักอาศัย ส่งผลต่อการลดอัตราการว่างงานโดยตรง (unemployment_rate_pastcov_lag-2) การเลือกตั้งสหรัฐฯ มีแนวโน้มที่จะส่งผลต่อสงครามการค้าระหว่างจีนและสหรัฐฯ รอบใหม่ ซึ่งอาจทำให้เกิดการโยกย้ายฐานการผลิตไปยังประเทศอื่นๆ เช่น ไทย เพื่อหลีกเลี่ยงภาษี เหตุการณ์นี้จะเพิ่มความต้องการสินค้าไทยในตลาดโลก ส่งผลให้มูลค่าการส่งออกของไทยเพิ่มขึ้น (export_pastcov_lag-1) การปรับลดราคาน้ำมันเบนซินและแก๊สโซฮอล์อย่างต่อเนื่องส่งผลให้ต้นทุนการผลิตในประเทศลดลง ซึ่งจะนำไปสู่การลดค่าใช้จ่ายในการนำเข้าสินค้าจากต่างประเทศ และส่งผลดีต่อมูลค่าการนำเข้าโดยรวม (import_pastcov_lag-2) โดยรวมแล้ว ปัจจัยข้างต้นสะท้อนให้เห็นว่าทั้งการลดอัตราการว่างงาน การเพิ่มขึ้นของมูลค่าการส่งออก และการลดลงของต้นทุนการนำเข้า ต่างเป็นแรงขับเคลื่อนที่สำคัญให้ความเชื่อมั่นผู้บริโภคปรับตัวเพิ่มขึ้นในเดือนนี้"
2025-03,58.69,เพิ่มขึ้นจากเดือนก่อนหน้า,"['import_pastcov_lag-2', 'การเมือง_pastcov_lag-2', 'export_pastcov_lag-1']",ดัชนีความเชื่อมั่นผู้บริโภคอยู่ที่ระดับ 58.69 คาดว่าจะปรับตัวเพิ่มขึ้นจากเดือนก่อนหน้า โดยปัจจัยสนับสนุนที่ส่งผลให้ดัชนีปรับตัวในทิศทางดังกล่าวมาจากหลายปัจจัย อาทิ (1) ราคาน้ำมันเบนซินและแก๊สโซฮอล์ปรับลดลงอย่างต่อเนื่อง ส่งผลให้ต้นทุนการผลิตในประเทศลดลง ซึ่งจะส่งผลดีต่อมูลค่าการนำเข้าสินค้า เนื่องจากผู้ประกอบการสามารถควบคุมต้นทุนได้ดีขึ้น และมีโอกาสที่จะขยายการผลิตหรือเพิ่มปริมาณการนำเข้าวัตถุดิบเพื่อสนองความต้องการของตลาด (import_pastcov_lag-2) (2) การเสนอให้ตั้งคณะทำงานเพื่อติดตามนโยบายทรัมป์ 2.0 แสดงถึงความพยายามของภาคเอกชนในการสร้างความมั่นใจและลดความไม่แน่นอนในนโยบายเศรษฐกิจของรัฐบาล ความมั่นใจดังกล่าวจะส่งผลต่อการลงทุนและการบริโภค ซึ่งเป็นตัวชี้วัดสำคัญของค่าครองชีพและความเชื่อมั่นของผู้บริโภค (การเมือง_pastcov_lag-2) และ (3) ความต้องการสินค้าเกษตรจากตลาดโลกเพิ่มสูงขึ้นเนื่องจากราคาใบยา “เวอร์ยิเนีย–เบอร์เลย์” พุ่งไม่หยุด จากการขาดแคลนใบยาที่เกิดจากสภาพอากาศที่แปรปรวน ส่งผลให้มูลค่าการส่งออกของไทยเพิ่มสูงขึ้นเป็นประวัติการณ์ ทะลุ 5.2 หมื่นล้านเหรียญสหรัฐ หรือกว่า 1.84 ล้านล้านบาท (export_pastcov_lag-1) โดยรวมแล้ว ปัจจัยข้างต้นสะท้อนให้เห็นว่าทั้งด้านต้นทุนการผลิตที่ลดลงจากราคาน้ำมันที่ปรับตัวลดลง และความมั่นใจในนโยบายเศรษฐกิจของรัฐบาลที่เพิ่มขึ้น ต่างเป็นแรงประคองให้ความเชื่อมั่นผู้บริโภคปรับตัวเพิ่มขึ้นในเดือนนี้
2025-04,59.43,เพิ่มขึ้นจากเดือนก่อนหน้า,"['unemployment_rate_pastcov_lag-2', 'import_pastcov_lag-2', 'export_pastcov_lag-1']","ดัชนีความเชื่อมั่นผู้บริโภคประจำเดือนนี้ อยู่ที่ระดับ 59.43 คาดว่าจะปรับตัวเพิ่มขึ้นจากเดือนก่อนหน้า โดยปัจจัยสนับสนุนที่ส่งผลให้ดัชนีปรับตัวในทิศทางดังกล่าวมาจากหลายปัจจัย อาทิ การดำเนินโครงการ “บ้านเพื่อคนไทย” จะสร้างงานในภาคก่อสร้างและที่เกี่ยวข้อง ส่งผลให้รายได้ของครัวเรือนเพิ่มขึ้น และความมั่นคงทางการเงินดีขึ้น ทำให้แรงงานมีความเชื่อมั่นในการใช้จ่ายมากขึ้น ซึ่งจะส่งผลต่อการลดอัตราการว่างงานลง (unemployment_rate_pastcov_lag-2) การปรับลดราคาน้ำมันเบนซินและแก๊สโซฮอล์อย่างต่อเนื่องส่งผลให้ต้นทุนการผลิตในประเทศลดลง ซึ่งจะนำไปสู่การลดค่าใช้จ่ายในการนำเข้าวัตถุดิบที่เกี่ยวข้องกับพลังงาน ส่งผลโดยตรงต่อการลดมูลค่า import (import_pastcov_lag-2) การส่งออกสินค้าเกษตรของไทยมีแนวโน้มดีขึ้นเนื่องจากความต้องการทุเรียนในตลาดจีนเพิ่มสูงขึ้น กรมส่งเสริมการค้าระหว่างประเทศเร่งปั้นภาพลักษณ์ทุเรียนไทยผ่าน 4 กลยุทธ์เพื่อเจาะตลาดจีน โดยมุ่งเน้นสร้างความเชื่อมั่นให้กับผู้บริโภค, ดึงดิจิทัลแพลตฟอร์มเข้ามาช่วย และจัดกิจกรรมกระตุ้นการบริโภค ส่งผลให้รายได้จากการส่งออกสินค้าเกษตรเพิ่มขึ้นโดยตรง (export_pastcov_lag-1) โดยรวมแล้ว ปัจจัยข้างต้นสะท้อนให้เห็นว่าทั้งด้านรายได้ที่ปรับตัวดีขึ้นจากโครงการภาครัฐและด้านต้นทุนการผลิตที่ลดลง ต่างเป็นแรงประคองให้ความเชื่อมั่นผู้บริโภคปรับตัวเพิ่มขึ้นในเดือนนี้"
2025-05,58.88,เพิ่มขึ้นจากเดือนก่อนหน้า,"['import_pastcov_lag-2', 'export_pastcov_lag-1', 'การเมือง_pastcov_lag-1']",ดัชนีความเชื่อมั่นผู้บริโภคประจำเดือนนี้ อยู่ที่ระดับ 58.88 คาดว่าจะปรับตัวเพิ่มขึ้นจากเดือนก่อนหน้า โดยปัจจัยสนับสนุนที่ส่งผลให้ดัชนีปรับตัวในทิศทางดังกล่าวมาจากหลายปัจจัย อาทิ การปรับลดราคาน้ำมันเบนซินและแก๊สโซฮอล์อย่างต่อเนื่องส่งผลให้ต้นทุนการผลิตในประเทศลดลง ซึ่งจะนำไปสู่การลดค่าใช้จ่ายในการนำเข้าวัตถุดิบจากต่างประเทศ ส่งผลโดยตรงต่อมูลค่าของ import ที่อาจลดลงตามมา (import_pastcov_lag-2) การที่ความต้องการทุเรียนในตลาดจีนเพิ่มสูงขึ้น กรมส่งเสริมการค้าระหว่างประเทศเร่งปั้นภาพลักษณ์ทุเรียนไทยผ่าน 4 กลยุทธ์เพื่อเจาะตลาดจีน โดยมุ่งเน้นสร้างความเชื่อมั่นให้กับผู้บริโภค และดึงดิจิทัลแพลตฟอร์มเข้ามาช่วย ส่งผลให้รายได้จากการส่งออกสินค้าเกษตรเพิ่มขึ้นโดยตรง (export_pastcov_lag-1) และ การที่ภาคเอกชนเสนอให้รัฐบาลจัดตั้งคณะทำงานเพื่อติดตามนโยบายทรัมป์ 2.0 แสดงถึงความพยายามของภาคเอกชนในการสร้างความมั่นใจและความร่วมมือกับภาครัฐในการดำเนินนโยบายเศรษฐกิจที่ส่งผลต่อค่าครองชีพและความเชื่อมั่นของผู้บริโภค การมีส่วนร่วมจากทั้งสองฝ่ายจะช่วยให้เกิดมาตรการที่เหมาะสมและยั่งยืน ซึ่งจะนำไปสู่การฟื้นตัวทางเศรษฐกิจและเสริมสร้างความเชื่อมั่นในภาครัฐ (การเมือง_pastcov_lag-1) โดยรวมแล้ว ปัจจัยข้างต้นสะท้อนให้เห็นว่าทั้งการลดลงของราคาน้ำมัน การเพิ่มขึ้นของรายได้จากการส่งออกสินค้าเกษตร และความร่วมมือระหว่างภาคเอกชนและรัฐบาลในการดำเนินนโยบายเศรษฐกิจ ต่างเป็นแรงประคองให้ความเชื่อมั่นผู้บริโภคปรับตัวเพิ่มขึ้นในเดือนนี้
2025-06,58.51,เพิ่มขึ้นจากเดือนก่อนหน้า,"['ราคาน้ำมันเชื้อเพลิง_pastcov_lag-2', 'import_pastcov_lag-2', 'cpi_pastcov_lag-2']",ดัชนีความเชื่อมั่นผู้บริโภคประจำเดือนนี้ อยู่ที่ระดับ 58.51 คาดว่าจะปรับตัวเพิ่มขึ้นจากเดือนก่อนหน้า โดยปัจจัยสนับสนุนที่ส่งผลให้ดัชนีปรับตัวในทิศทางดังกล่าวมาจากหลายปัจจัย อาทิ การปรับลดราคาน้ำมันเบนซินและแก๊สโซฮอล์อย่างต่อเนื่อง ส่งผลให้ค่าครองชีพของประชาชนลดลง เนื่องจากราคาน้ำมันเชื้อเพลิงเป็นปัจจัยสำคัญที่ส่งผลต่อราคาสินค้าและบริการอื่นๆ ในระบบเศรษฐกิจ การปรับลดราคาน้ำมันจึงช่วยเพิ่มความเชื่อมั่นของผู้บริโภคในการใช้จ่าย (ราคาน้ำมันเชื้อเพลิง_pastcov_lag-2) การลดราคาน้ำมันเบนซินและแก๊สโซฮอล์ ส่งผลให้ต้นทุนการผลิตในประเทศลดลง ซึ่งจะส่งผลดีต่อมูลค่าการนำเข้าสินค้า เนื่องจากผู้ประกอบการสามารถควบคุมต้นทุนได้ดีขึ้น และมีโอกาสที่จะขยายการผลิตและจำหน่ายสินค้ามากขึ้น (import_pastcov_lag-2) การปรับลดราคาน้ำมันเบนซินและแก๊สโซฮอล์อย่างต่อเนื่องในเดือนมีนาคม เมษายน และ พฤษภาคม ส่งผลให้ต้นทุนการขนส่งสินค้าและการผลิตของผู้ประกอบการลดลง ซึ่งจะนำไปสู่การปรับลดราคาสินค้าอุปโภคบริโภค ทำให้ดัชนีราคาผู้บริโภค (CPI) ลดลงตามมา (cpi_pastcov_lag-2) โดยรวมแล้ว ปัจจัยข้างต้นสะท้อนให้เห็นว่าทั้งการปรับลดราคาน้ำมันและต้นทุนการผลิตที่ลดลง ต่างเป็นแรงประคองให้ความเชื่อมั่นผู้บริโภคปรับตัวเพิ่มขึ้นในเดือนนี้
2025-07,57.9,เพิ่มขึ้นจากเดือนก่อนหน้า,"['import_pastcov_lag-2', 'เศรษฐกิจโลก_pastcov_lag-2', 'unemployment_rate_pastcov_lag-2']","ดัชนีความเชื่อมั่นผู้บริโภคประจำเดือนนี้ อยู่ที่ระดับ 57.90 คาดว่าจะปรับตัวเพิ่มขึ้นจากเดือนก่อนหน้า โดยปัจจัยสนับสนุนที่ส่งผลให้ดัชนีปรับตัวในทิศทางดังกล่าวมาจากหลายปัจจัย อาทิ การปรับลดราคาน้ำมันกลุ่มเบนซิน-แก๊สโซฮอล์ โดย ""พีทีที สเตชั่น"" และ ""บางจาก"" ทำให้ต้นทุนการผลิตในประเทศลดลง ซึ่งจะส่งผลดีต่อมูลค่าการนำเข้าสินค้าและต้นทุนจากต่างประเทศ (import_pastcov_lag-2) การที่ศาลการค้าระหว่างประเทศสหรัฐฯ สั่งระงับมาตรการภาษีของประธานาธิบดีโดนัลด์ ทรัมป์ เนื่องจากเป็นการใช้อำนาจเกินขอบเขต ส่งผลให้ภาษีถูกยกเลิกทันที เป็นปัจจัยบวกที่ช่วยลดความตึงเครียดทางการค้าระหว่างสหรัฐฯ และประเทศคู่ค้า การลดความตึงเครียดทางการค้าจะส่งผลดีต่อความมั่นใจของผู้บริโภคและภาคธุรกิจ ซึ่งเป็นตัวชี้วัดสำคัญของเศรษฐกิจโลก (เศรษฐกิจโลก_pastcov_lag-2) การให้ความสำคัญกับความมั่นคงทางการเงิน การชำระหนี้สิน และการเตรียมตัวสำหรับวัยเกษียณของคนไทยสะท้อนถึงความตระหนักในความเสี่ยงและความไม่แน่นอนทางเศรษฐกิจ แนวคิด ""วัคซีนหนี้"" ที่เน้นการแยกแยะหนี้ดี-ร้าย ควบคุมภาระผ่อนให้เหมาะสม และสร้างวินัยเพื่อสุขภาพการเงินที่แข็งแรง จะช่วยลดความเสี่ยงของการตกงาน เนื่องจากผู้ที่มีฐานะการเงินมั่นคงจะมีความสามารถในการปรับตัวต่อสภาวะตลาดแรงงานที่เปลี่ยนแปลงได้ดีกว่า (unemployment_rate_pastcov_lag-2) โดยรวมแล้ว ปัจจัยข้างต้นสะท้อนให้เห็นว่าทั้งการลดราคาน้ำมัน การคลี่คลายความตึงเครียดทางการค้า และแนวคิด ""วัคซีนหนี้"" ต"
2025-08,52.21,เพิ่มขึ้นจากเดือนก่อนหน้า,"['import_pastcov_lag-2', 'unemployment_rate_pastcov_lag-2', 'export_pastcov_lag-1']","ดัชนีความเชื่อมั่นผู้บริโภค อยู่ที่ระดับ 52.21 คาดว่าจะปรับตัวเพิ่มขึ้นจากเดือนก่อนหน้า โดยปัจจัยสนับสนุนที่ส่งผลให้ดัชนีปรับตัวในทิศทางดังกล่าวมาจากหลายปัจจัย อาทิ การปรับลดราคาน้ำมันกลุ่มเบนซิน-แก๊สโซฮอล์ ลง 30 สตางค์ (เดือนพฤษภาคม) และ 50 สตางค์ (เดือนมิถุนายน) โดย ""พีทีที สเตชั่น"" และ ""บางจาก"" ส่งผลให้ต้นทุนการผลิตในประเทศลดลง ซึ่งจะส่งผลดีต่อมูลค่าการนำเข้าสินค้าและต้นทุนจากต่างประเทศ (import_pastcov_lag-2) การให้ความสำคัญกับวินัยทางการเงินและการวางแผนการเงินของประชาชน ส่งผลต่อการลดอัตราการว่างงาน เมื่อคนไทยหันมาใส่ใจเรื่องการบริหารจัดการรายรับ-รายจ่าย การออม และการเตรียมตัวสำหรับอนาคต เช่น การชำระหนี้สินอย่างมีประสิทธิภาพ การวางแผนเกษียณ และการสร้างภูมิคุ้มกันทางการเงิน จะช่วยเพิ่มความมั่นคงของรายได้ครัวเรือนและความสามารถในการใช้จ่าย ซึ่งเป็นปัจจัยสำคัญที่ส่งผลต่อการลดอัตราการว่างงาน เนื่องจากผู้คนมีกำลังซื้อที่ดีขึ้นและมีความมั่นใจในอนาคตมากขึ้น (unemployment_rate_pastcov_lag-2) การเจรจาภาษีระหว่างสหรัฐฯ และอินเดียเป็นไปอย่างคืบหน้า โดยอินเดียเสนอรูปแบบ ""Win - Win"" เพื่อลดอัตราภาษีให้เหลือต่ำกว่า 10% ซึ่งจะส่งผลดีต่อความต้องการสินค้าจากตลาดโลกและเพิ่มโอกาสการส่งออกสินค้าเกษตรของไทย เนื่องจากอัตราภาษีที่ลดลงจะทำให้สินค้าไทยมีราคาแข่งขันได้ดีขึ้นในตลาดอินเดีย (export_pastcov_lag-1) โดยรวมแล้ว ปัจจัยข้างต้นสะท้อนให้เห็นว่าทั้งการปรับลดราคาน้ำมัน การลดอัตราการว่างงาน และการเจรจาภาษีระหว่างประเทศต่างเป็นแรงสนับ"
2025-09,52.52,เพิ่มขึ้นจากเดือนก่อนหน้า,"['import_pastcov_lag-2', 'cpi_pastcov_lag-2', 'export_pastcov_lag-1']",ดัชนีความเชื่อมั่นผู้บริโภคประจำเดือนนี้ อยู่ที่ระดับ 52.52 คาดว่าจะปรับตัวเพิ่มขึ้นจากเดือนก่อนหน้า โดยปัจจัยสนับสนุนที่ส่งผลให้ดัชนีปรับตัวในทิศทางดังกล่าวมาจากหลายปัจจัย อาทิ (1) การขยายตัวของเศรษฐกิจโลกที่ฟื้นตัวอย่างต่อเนื่อง ทำให้ความเชื่อมั่นของผู้บริโภคต่อสภาพเศรษฐกิจโดยรวมดีขึ้น ส่งผลให้ผู้บริโภคมีความมั่นใจในการใช้จ่ายมากขึ้น (ปัจจัยที่ 1) (2) การปรับตัวลดลงของราคาน้ำมันดิบในตลาดโลก ทำให้ต้นทุนการผลิตของภาคธุรกิจลดลง และส่งผลต่อราคาสินค้าและบริการในประเทศที่ไม่ปรับสูงขึ้นจนกดดันกำลังซื้อของผู้บริโภค (ปัจจัยที่ 2) และ (3) มาตรการกระตุ้นเศรษฐกิจของภาครัฐที่ดำเนินการอย่างต่อเนื่อง เช่น โครงการช้อปช่วยชาติ ทำให้ผู้บริโภคมีรายได้เพิ่มขึ้นและมีความมั่นใจในการใช้จ่ายมากขึ้น (ปัจจัยที่ 3) โดยรวมแล้ว ปัจจัยข้างต้นสะท้อนให้เห็นว่าทั้งด้านเศรษฐกิจโลกที่ฟื้นตัวดีขึ้น ต้นทุนการผลิตที่ลดลง และมาตรการกระตุ้นเศรษฐกิจของภาครัฐ ต่างเป็นแรงประคองให้ความเชื่อมั่นผู้บริโภคปรับตัวเพิ่มขึ้นในเดือนนี้
2025-10,55.07,เพิ่มขึ้นจากเดือนก่อนหน้า,"['export_pastcov_lag-1', 'unemployment_rate_pastcov_lag-2', 'import_pastcov_lag-2']",ดัชนีความเชื่อมั่นผู้บริโภคอยู่ที่ระดับ 55.07 คาดว่าจะปรับตัวเพิ่มขึ้นจากเดือนก่อนหน้า โดยปัจจัยสนับสนุนที่ส่งผลให้ดัชนีปรับตัวในทิศทางดังกล่าวมาจากหลายปัจจัย อาทิ (1) เวียดนามมีศักยภาพและกำลังซื้อสูง ทำให้เป็นโอกาสที่ดีสำหรับนักลงทุนไทยในการส่งออกสินค้าไปยังประเทศนี้ การที่จีนแข็งค่าหยวนขึ้น และอินเดียก้าวขึ้นเป็นเศรษฐกิจอันดับ 4 ของโลก แสดงถึงความต้องการสินค้าจากตลาดโลกเพิ่มมากขึ้น ซึ่งเป็นสัญญาณบวกต่อการส่งออกของไทย ธ.ก.ส. นำเกษตรกรไปศึกษานวัตกรรมการเกษตรสมัยใหม่จากจีนเพื่อนำมาพัฒนาการผลิตและเพิ่มมูลค่าสินค้า ส่งผลให้รายได้ของเกษตรกรเพิ่มขึ้น และส่งเสริมการส่งออกสินค้าเกษตร (ปัจจัยที่ 1) (2) การที่อัตราการว่างงานลดลงและจำนวนผู้สมัครงานเพิ่มขึ้น สะท้อนถึงความมั่นใจของภาคธุรกิจในการจ้างงาน ซึ่งจะนำไปสู่รายได้ที่เพิ่มขึ้นและส่งผลดีต่อกำลังซื้อของผู้บริโภค (ปัจจัยที่ 2) และ (3) การที่ธนาคารแห่งประเทศไทยปรับขึ้นอัตราดอกเบี้ยอย่างค่อยเป็นค่อยไป ช่วยควบคุมเงินเฟ้อและรักษาเสถียรภาพของค่าเงินบาท ทำให้ผู้บริโภคมีความมั่นใจว่ากำลังซื้อจะไม่ถูกกัดกร่อนในระยะยาว (ปัจจัยที่ 3) โดยรวมแล้ว ปัจจัยข้างต้นสะท้อนให้เห็นว่าทั้งด้านการส่งออกที่ขยายตัวดีขึ้น รายได้ของประชาชนที่เพิ่มขึ้น และนโยบายการเงินที่เหมาะสม ต่างเป็นแรงประคองให้ความเชื่อมั่นผู้บริโภคปรับตัวเพิ่มขึ้นในเดือนนี้